date,rank,player_name,team,positions,fp_player_id,AB,R,HR,RBI,SB,AVG,OBP,H,2B,3B,BB,K,SLG,OPS,rost_pct_consensus,rost_pct_yahoo,rost_pct_espn
2026-06-25,1,Pete Crow-Armstrong,CHC,CF,23369,54,12,6,12,4,.426,.492,23,4,2,8,16,.907,1.400,98%,99%,98%
2026-06-25,2,Dansby Swanson,CHC,SS,5965,43,11,4,18,5,.302,.392,13,2,1,7,12,.674,1.067,49%,64%,34%
2026-06-25,3,Byron Buxton,MIN,"CF,DH",4672,58,12,6,12,2,.328,.371,19,4,0,4,12,.707,1.078,96%,98%,95%
2026-06-25,4,Jac Caglianone,KC,"1B,RF,DH",7354363,58,16,6,12,0,.310,.365,18,2,0,4,19,.655,1.020,67%,80%,53%
2026-06-25,5,Bo Bichette,NYM,"3B,SS",6808,58,12,5,13,0,.362,.377,21,4,0,2,12,.690,1.067,88%,95%,82%
2026-06-25,6,Wyatt Langford,TEX,"LF,CF",47238,59,9,5,12,2,.339,.391,20,3,0,4,13,.644,1.035,79%,92%,67%
2026-06-25,7,Pete Alonso,BAL,"1B,DH",6960,49,12,5,14,0,.327,.443,16,2,0,10,17,.674,1.116,98%,99%,96%
2026-06-25,8,Kyle Schwarber,PHI,"LF,DH",5686,43,11,6,12,0,.349,.440,15,0,0,7,17,.767,1.207,99%,99%,100%
2026-06-25,9,TJ Rumfield,COL,"1B,DH",45014,55,9,5,14,0,.364,.417,20,5,1,4,9,.764,1.180,45%,38%,52%
2026-06-25,10,Nasim Nunez,WSH,"2B,SS",19789,39,8,0,8,7,.410,.477,16,1,2,5,11,.539,1.016,22%,31%,13%
2026-06-25,11,Zack Gelof,ATH,"2B,3B,CF",44896,40,14,3,7,2,.375,.444,15,3,0,3,9,.675,1.119,54%,67%,41%
2026-06-25,12,Bryan Reynolds,PIT,"LF,CF,RF,DH",6818,50,9,4,12,0,.400,.464,20,5,0,5,10,.740,1.204,91%,93%,88%
2026-06-25,13,Otto Lopez,MIA,"2B,SS",10618,54,11,1,7,5,.333,.393,18,3,0,6,4,.444,.838,90%,92%,89%
2026-06-25,14,Fernando Tatis Jr.,SD,"2B,RF",6853,52,11,2,9,4,.308,.351,16,5,0,4,9,.519,.870,99%,99%,99%
2026-06-25,15,Bryson Stott,PHI,"2B,SS",22308,48,12,1,10,4,.313,.377,15,4,1,4,8,.500,.877,43%,47%,40%
2026-06-25,16,Paul Goldschmidt,NYY,"1B,DH",4403,53,7,6,12,0,.340,.346,18,0,0,1,13,.679,1.025,30%,38%,22%
2026-06-25,17,Jazz Chisholm Jr.,NYY,"2B,3B",8449,44,9,3,7,7,.205,.327,9,0,1,8,14,.455,.782,93%,99%,88%
2026-06-25,18,Willi Castro,COL,"1B,2B,3B,SS,LF,RF",5997,53,9,3,11,2,.321,.400,17,2,0,7,11,.528,.928,36%,52%,21%
2026-06-25,19,Samad Taylor,SD,"2B,LF,RF",44697,47,8,1,7,4,.383,.420,18,0,0,3,13,.447,.867,13%,19%,7%
2026-06-25,20,Bobby Witt Jr.,KC,SS,6810,35,7,1,5,5,.429,.487,15,2,0,4,2,.571,1.059,99%,99%,100%
2026-06-25,21,Carter Jensen,KC,"C,DH",44759,49,11,2,9,1,.367,.436,18,6,0,6,6,.612,1.049,54%,64%,44%
2026-06-25,22,Shohei Ohtani,LAD,"SP,DH",7354,39,11,6,9,0,.256,.400,10,0,0,10,13,.718,1.118,100%,,100%
2026-06-25,23,Ivan Herrera,STL,"C,DH",43691,44,12,3,7,3,.250,.476,11,0,0,13,7,.455,.931,86%,92%,81%
2026-06-25,24,George Springer,TOR,"LF,CF,RF,DH",4614,46,9,3,7,3,.304,.421,14,1,0,9,10,.522,.943,77%,83%,71%
2026-06-25,25,Travis Bazzana,CLE,2B,7354362,43,10,3,7,3,.279,.392,12,2,0,8,11,.535,.927,42%,51%,32%
2026-06-25,26,Nick Kurtz,ATH,1B,7354364,50,10,4,12,0,.280,.390,14,3,0,9,20,.580,.970,99%,99%,98%
2026-06-25,27,Juan Soto,NYM,"LF,RF,DH",6906,40,8,4,8,0,.400,.510,16,3,0,9,4,.775,1.285,99%,99%,100%
2026-06-25,28,Ceddanne Rafaela,BOS,"2B,CF",45510,52,7,2,10,3,.308,.308,16,6,1,0,12,.577,.885,63%,82%,44%
2026-06-25,29,Jackson Chourio,MIL,"LF,CF,RF",44592,56,8,5,11,0,.286,.322,16,2,0,2,11,.589,.911,97%,99%,95%
2026-06-25,30,Caleb Durbin,BOS,"2B,3B",45944,42,7,4,7,2,.333,.356,14,3,0,2,5,.691,1.046,24%,19%,28%
2026-06-25,31,Yordan Alvarez,HOU,"LF,DH",6461,49,11,3,8,0,.347,.448,17,3,0,9,7,.592,1.040,99%,99%,100%
2026-06-25,32,Owen Caissie,MIA,"CF,RF,DH",43911,35,6,4,13,1,.286,.308,10,2,0,2,11,.686,.993,4%,5%,3%
2026-06-25,33,Dylan Crews,WSH,"CF,RF",8269,52,11,3,11,1,.250,.264,13,3,0,0,10,.481,.745,19%,31%,6%
2026-06-25,34,Royce Lewis,MIN,"1B,3B",6967,55,8,4,8,2,.273,.328,15,2,0,5,15,.527,.855,27%,42%,11%
2026-06-25,35,Brandon Marsh,PHI,"LF,CF,RF",7393,54,10,3,7,2,.278,.304,15,2,0,2,18,.482,.785,55%,66%,43%
2026-06-25,36,Sam Antonacci,CWS,"2B,3B,LF",7354566,41,7,3,7,3,.293,.383,12,2,0,5,8,.561,.944,33%,44%,22%
2026-06-25,37,Cole Carrigg,COL,CF,47210,45,9,3,11,1,.267,.370,12,2,0,7,11,.511,.882,11%,15%,8%
2026-06-25,38,Donovan Walton,LAA,"2B,3B",10091,33,5,3,10,0,.455,.455,15,4,0,0,4,.849,1.303,2%,2%,2%
2026-06-25,39,Luis Garcia,WSH,"1B,2B,DH",7507,41,9,5,9,0,.268,.318,11,1,0,3,9,.659,.977,40%,51%,30%
2026-06-25,40,JJ Wetherholt,STL,"2B,3B,SS",7354366,57,8,3,7,1,.333,.387,19,1,0,4,7,.509,.896,89%,93%,84%
2026-06-25,41,Alec Burleson,STL,"1B,LF,RF,DH",43889,56,9,4,11,0,.268,.323,15,3,1,4,6,.571,.894,94%,93%,95%
2026-06-25,42,Kazuma Okamoto,TOR,"1B,3B",7356401,41,8,4,12,0,.268,.380,11,3,0,7,14,.634,1.014,67%,86%,48%
2026-06-25,43,Josh Bell,MIN,"1B,DH",4664,49,8,2,12,0,.327,.389,16,3,0,5,8,.510,.899,15%,17%,13%
2026-06-25,44,Victor Caratini,MIN,"C,1B,DH",5080,33,9,3,7,0,.394,.474,13,2,0,5,5,.727,1.201,6%,9%,4%
2026-06-25,45,Jackson Merrill,SD,CF,44756,55,6,2,6,5,.255,.281,14,4,0,2,13,.436,.717,86%,93%,79%
2026-06-25,46,Colt Keith,DET,"1B,2B,3B,DH",43891,31,6,4,10,2,.226,.273,7,0,0,0,3,.613,.886,7%,9%,6%
2026-06-25,47,Wilyer Abreu,BOS,"LF,CF,RF",45630,45,7,3,9,2,.267,.346,12,3,1,6,9,.578,.924,71%,82%,60%
2026-06-25,48,Kyle Stowers,MIA,"1B,LF,CF,RF,DH",22314,46,7,4,12,0,.261,.393,12,3,1,7,21,.630,1.023,51%,73%,29%
2026-06-25,49,Denzer Guzman,LAA,"3B,SS",45207,45,7,3,10,1,.289,.373,13,2,0,6,11,.533,.906,4%,5%,2%
2026-06-25,50,Dillon Dingler,DET,"C,DH",43821,55,9,2,8,0,.346,.351,19,2,2,0,15,.564,.915,87%,88%,86%
2026-06-25,51,Jeremy Pena,HOU,SS,43642,44,7,3,7,2,.296,.367,13,2,0,5,9,.546,.913,73%,87%,59%
2026-06-25,52,Mookie Betts,LAD,SS,4921,57,10,3,4,1,.316,.361,18,3,0,4,10,.526,.887,96%,97%,94%
2026-06-25,53,Jose Caballero,NYY,"2B,3B,SS,LF,RF",26984,42,7,2,11,2,.262,.327,11,1,0,4,14,.429,.755,53%,71%,35%
2026-06-25,54,Carson Kelly,CHC,C,6253,26,11,2,11,0,.269,.406,7,3,0,6,4,.615,1.022,12%,11%,13%
2026-06-25,55,CJ Abrams,WSH,SS,19879,42,8,3,6,2,.286,.318,12,3,0,1,8,.571,.890,98%,98%,97%
2026-06-25,56,Lawrence Butler,ATH,"CF,RF",45753,33,9,2,6,1,.364,.417,12,3,0,3,11,.636,1.053,23%,35%,10%
2026-06-25,57,Jung Hoo Lee,SF,"CF,RF",48275,40,8,2,3,3,.325,.364,13,4,0,3,2,.575,.939,58%,50%,66%
2026-06-25,58,Cody Bellinger,NYY,"LF,CF,RF",6045,49,8,2,6,3,.265,.357,13,3,0,7,8,.449,.806,99%,99%,99%
2026-06-25,59,William Contreras,MIL,"C,DH",7659,43,8,2,6,0,.395,.480,17,2,0,7,5,.581,1.061,98%,98%,99%
2026-06-25,60,James Wood,WSH,"LF,RF,DH",44720,52,10,3,8,1,.231,.300,12,4,0,6,18,.481,.781,99%,99%,99%
2026-06-25,61,Henry Bolte,ATH,"CF,RF",46304,39,4,1,3,5,.333,.449,13,2,0,6,11,.462,.911,7%,10%,4%
2026-06-25,62,Masyn Winn,STL,SS,43906,49,10,1,7,1,.306,.352,15,3,0,4,6,.429,.780,20%,34%,7%
2026-06-25,63,Freddie Freeman,LAD,1B,3365,51,10,3,7,0,.275,.403,14,3,0,9,10,.510,.913,98%,99%,96%
2026-06-25,64,Francisco Alvarez,NYM,"C,DH",43686,44,5,4,8,0,.318,.362,14,0,0,3,14,.591,.953,14%,18%,10%
2026-06-25,65,Brooks Lee,MIN,"2B,3B,SS",46266,51,10,3,7,1,.235,.316,12,2,1,6,3,.490,.806,38%,42%,35%
2026-06-25,66,Bryce Harper,PHI,"1B,DH",4293,48,10,3,7,0,.271,.339,13,3,1,6,12,.563,.902,98%,99%,98%
2026-06-25,67,Gunnar Henderson,BAL,"SS,DH",23372,53,10,3,7,0,.264,.381,14,1,1,8,10,.491,.872,98%,99%,97%
2026-06-25,68,Corbin Carroll,ARI,"CF,RF",23993,54,6,2,9,2,.259,.333,14,2,1,4,11,.444,.778,99%,99%,100%
2026-06-25,69,Mike Trout,LAA,"CF,RF,DH",3785,27,5,3,5,2,.333,.438,9,2,0,4,9,.741,1.178,96%,96%,97%
2026-06-25,70,Zach Neto,LAA,SS,46294,57,9,4,7,1,.211,.250,12,2,1,3,28,.491,.741,82%,98%,66%
2026-06-25,71,Manny Machado,SD,"3B,DH",3778,49,8,3,10,0,.245,.333,12,6,0,7,11,.551,.884,94%,96%,91%
2026-06-25,72,Nick Loftin,KC,"2B,3B,LF",43837,42,7,2,7,1,.310,.383,13,4,1,4,7,.595,.978,2%,3%,2%
2026-06-25,73,Dominic Canzone,SEA,"LF,RF,DH",45429,38,6,4,8,0,.263,.349,10,0,1,4,7,.632,.980,16%,20%,13%
2026-06-25,74,Ketel Marte,ARI,"2B,DH",5179,57,5,2,7,1,.316,.381,18,5,0,5,5,.509,.890,99%,99%,100%
2026-06-25,75,Ian Happ,CHC,LF,6008,49,12,2,3,2,.225,.291,11,2,0,4,15,.388,.679,88%,91%,86%
2026-06-25,76,Ryan Kreidler,MIN,"3B,SS,CF",44371,30,6,1,9,0,.400,.455,12,1,1,3,2,.600,1.055,1%,1%,0%
2026-06-25,77,Anthony Volpe,NYY,SS,43704,38,6,0,5,2,.395,.477,15,2,1,6,8,.500,.977,6%,7%,5%
2026-06-25,78,Ben Rice,NYY,"C,1B,DH",47445,54,7,4,8,0,.241,.317,13,0,0,6,15,.463,.780,99%,99%,100%
2026-06-25,79,Max Muncy,LAD,3B,5207,43,5,2,11,1,.256,.396,11,3,0,8,11,.465,.861,74%,86%,63%
2026-06-25,80,Trevor Larnach,MIN,"LF,RF,DH",7176,39,6,2,7,0,.359,.405,14,2,0,3,5,.564,.969,6%,6%,6%
2026-06-25,81,Jake Mangum,PIT,"LF,CF,RF",45619,47,5,0,5,3,.340,.354,16,4,0,1,6,.426,.780,4%,5%,3%
2026-06-25,82,Willson Contreras,BOS,1B,5919,49,8,3,7,0,.265,.357,13,4,0,4,17,.531,.888,65%,93%,37%
2026-06-25,83,Jake Burger,TEX,1B,10074,43,5,3,7,0,.326,.412,14,2,0,6,13,.581,.993,18%,25%,10%
2026-06-25,84,Brandon Lowe,PIT,2B,7236,56,9,3,8,0,.232,.290,13,4,0,5,16,.464,.755,88%,91%,86%
2026-06-25,85,J.T. Realmuto,PHI,C,5371,36,6,2,12,1,.194,.268,7,3,0,4,9,.444,.713,16%,17%,14%
2026-06-25,86,Andres Gimenez,TOR,"2B,SS",7049,34,7,1,3,3,.294,.324,10,3,0,0,7,.471,.795,12%,14%,10%
2026-06-25,87,Tyler Soderstrom,ATH,"1B,LF",43845,46,10,2,5,0,.283,.389,13,3,0,7,9,.478,.867,90%,95%,85%
2026-06-25,88,Daulton Varsho,TOR,"LF,CF",7551,18,4,2,5,2,.389,.421,7,2,0,1,5,.833,1.254,20%,27%,12%
2026-06-25,89,Casey Schmitt,SF,"1B,2B,3B,LF,DH",43913,44,3,1,4,2,.386,.400,17,3,0,0,9,.523,.923,84%,86%,83%
2026-06-25,90,Michael Massey,KC,"2B,LF",45756,43,8,1,7,1,.279,.311,12,4,0,2,5,.442,.753,2%,3%,1%
2026-06-25,91,Seiya Suzuki,CHC,"LF,RF,DH",6973,46,7,1,9,0,.304,.407,14,5,0,8,19,.478,.886,84%,90%,78%
2026-06-25,92,Yandy Diaz,TB,"1B,DH",6677,49,7,0,7,0,.367,.475,18,2,0,8,10,.408,.883,94%,96%,91%
2026-06-25,93,Spencer Horwitz,PIT,1B,45347,50,10,2,6,0,.260,.383,13,3,0,7,11,.440,.823,20%,24%,16%
2026-06-25,94,Taylor Walls,TB,SS,43756,33,5,0,4,4,.303,.375,10,3,0,5,9,.394,.769,1%,1%,0%
2026-06-25,95,Jasson Dominguez,NYY,"LF,CF,RF,DH",8513,40,4,2,3,4,.250,.268,10,4,0,1,12,.500,.768,11%,15%,6%
2026-06-25,96,Brandon Nimmo,TEX,"LF,CF,RF,DH",4685,58,5,1,6,1,.328,.339,19,8,1,1,11,.552,.891,75%,79%,72%
2026-06-25,97,Rafael Devers,SF,"1B,DH",5175,40,5,4,6,0,.275,.370,11,3,0,6,10,.650,1.020,79%,94%,64%
2026-06-25,98,Blaze Jordan,STL,"1B,3B",7389,42,5,1,12,0,.286,.298,12,3,1,2,4,.476,.774,11%,12%,9%
2026-06-25,99,Sal Stewart,CIN,"1B,2B,3B,DH",46342,49,5,1,13,1,.225,.291,11,4,0,5,14,.367,.658,94%,94%,93%
2026-06-25,100,Edmundo Sosa,PHI,"2B,3B,SS,LF",6587,30,6,2,7,0,.333,.375,10,1,1,0,6,.633,1.008,1%,1%,0%
2026-06-25,101,Cole Young,SEA,2B,46287,49,6,3,6,0,.286,.327,14,2,0,2,4,.510,.837,10%,11%,9%
2026-06-25,102,Nolan Schanuel,LAA,1B,47177,38,9,2,5,0,.290,.426,11,1,0,7,4,.474,.899,7%,10%,4%
2026-06-25,103,Logan O'Hoppe,LAA,C,43987,36,4,2,6,0,.389,.405,14,3,0,1,9,.639,1.044,5%,7%,3%
2026-06-25,104,Matt Shaw,CHC,"2B,3B,RF,DH",47221,30,7,1,8,1,.267,.371,8,0,2,3,8,.500,.871,6%,9%,4%
2026-06-25,105,Pedro Ramirez,CHC,"2B,3B",45165,22,5,1,5,2,.364,.364,8,2,0,0,4,.591,.955,1%,1%,0%
2026-06-25,106,Curtis Mead,WSH,"1B,2B,3B",39303,41,6,4,10,0,.171,.244,7,0,0,3,10,.463,.708,13%,18%,7%
2026-06-25,107,Tyler Callihan,PIT,"2B,CI,LF,RF",19848,34,7,2,7,0,.294,.375,10,0,2,4,12,.588,.963,1%,1%,1%
2026-06-25,108,Liam Hicks,MIA,"C,1B,DH",48340,37,7,1,5,0,.378,.452,14,1,1,4,5,.541,.993,87%,83%,90%
2026-06-25,109,Ozzie Albies,ATL,2B,5980,47,8,2,6,0,.277,.314,13,1,0,3,3,.426,.739,96%,96%,96%
2026-06-25,110,Jose Altuve,HOU,"2B,LF,DH",4334,49,6,3,8,0,.245,.289,12,2,0,3,13,.469,.758,83%,86%,79%
2026-06-25,111,Jake McCarthy,COL,"LF,CF,RF",8273,39,5,1,5,1,.359,.390,14,2,1,2,5,.539,.929,13%,16%,9%
2026-06-25,112,Esteury Ruiz,MIA,"LF,CF,RF",10086,22,5,1,2,3,.364,.462,8,3,0,1,6,.636,1.098,2%,3%,1%
2026-06-25,113,Jose Siri,LAA,"LF,CF",5727,32,6,2,7,1,.250,.342,8,0,0,4,7,.438,.780,1%,1%,0%
2026-06-25,114,Heriberto Hernandez,MIA,"LF,RF,DH",43723,43,7,3,6,0,.256,.304,11,3,0,3,12,.535,.839,1%,2%,1%
2026-06-25,115,Jorbit Vivas,WSH,"2B,3B",44615,19,4,2,6,0,.474,.524,9,0,0,2,1,.790,1.313,0%,0%,0%
2026-06-25,116,Joe Mack,MIA,C,44681,29,7,3,5,0,.276,.382,8,1,0,4,5,.621,1.003,3%,4%,2%
2026-06-25,117,Blaze Alexander,BAL,"2B,3B,SS,LF,CF",8280,33,4,1,5,1,.394,.429,13,4,0,2,4,.606,1.035,12%,16%,7%
2026-06-25,118,Mark Vientos,NYM,"1B,3B,DH",6940,25,5,3,7,0,.280,.345,7,0,0,3,8,.640,.985,4%,5%,3%
2026-06-25,119,Lane Thomas,KC,"LF,CF,RF",8293,50,7,3,8,0,.220,.304,11,3,0,5,11,.460,.764,2%,2%,1%
2026-06-25,120,Kyle Tucker,LAD,"RF,DH",6006,41,4,1,9,2,.244,.340,10,1,0,5,13,.342,.682,99%,99%,98%
2026-06-25,121,Kyle Karros,COL,3B,47850,36,9,1,4,0,.333,.351,12,2,1,1,5,.528,.879,1%,2%,1%
2026-06-25,122,Bryce Eldridge,SF,"1B,DH",47216,40,5,3,8,0,.250,.375,10,0,0,8,11,.475,.850,32%,44%,20%
2026-06-25,123,Jonathan Aranda,TB,1B,45018,51,4,1,8,0,.333,.404,17,2,0,4,10,.431,.835,63%,84%,42%
2026-06-25,124,Lars Nootbaar,STL,"LF,CF,RF",44339,45,10,1,3,0,.311,.396,14,3,1,7,12,.489,.885,6%,5%,7%
2026-06-25,125,Alec Bohm,PHI,"1B,3B",7921,48,5,2,10,0,.250,.275,12,1,0,2,5,.396,.670,31%,44%,18%
2026-06-25,126,Max Muncy,ATH,"2B,3B,SS",44711,26,4,3,9,0,.231,.276,6,1,0,2,7,.615,.891,5%,6%,3%
2026-06-25,127,Luke Keaschall,MIN,2B,47176,42,10,1,3,1,.262,.367,11,2,0,7,9,.381,.748,53%,59%,47%
2026-06-25,128,Junior Caminero,TB,3B,45016,48,5,2,7,0,.292,.364,14,1,0,6,16,.438,.801,99%,99%,100%
2026-06-25,129,Jose Fermin,STL,"2B,3B,LF,CF",8555,28,5,1,5,1,.357,.379,10,0,0,1,3,.464,.844,0%,0%,0%
2026-06-25,130,Colson Montgomery,CWS,"3B,SS",44692,42,5,4,8,0,.191,.261,8,2,0,4,16,.524,.785,67%,91%,42%
2026-06-25,131,Carson Benge,NYM,"LF,CF,RF",7354378,57,9,2,4,1,.228,.302,13,1,1,5,15,.386,.688,36%,48%,24%
2026-06-25,132,Ryan O'Hearn,PIT,"1B,LF,RF,DH",6681,56,4,1,10,0,.286,.286,16,5,0,0,14,.429,.714,60%,56%,63%
2026-06-25,133,Nick Gonzales,PIT,"2B,3B,SS",43874,52,8,1,4,1,.269,.309,14,0,1,1,11,.365,.675,16%,23%,10%
2026-06-25,134,Luis Arraez,SF,"1B,2B,DH",8162,41,6,1,5,1,.293,.341,12,3,1,3,0,.488,.829,82%,80%,85%
2026-06-25,135,Spencer Steer,CIN,"1B,2B,LF,RF",44364,42,6,4,9,0,.143,.217,6,1,0,4,14,.452,.670,32%,41%,23%
2026-06-25,136,Vladimir Guerrero Jr.,TOR,"1B,DH",6050,40,6,1,7,1,.250,.296,10,1,0,3,4,.350,.646,99%,99%,100%
2026-06-25,137,Endy Rodriguez,PIT,"C,1B",44137,33,5,2,6,0,.303,.395,10,3,0,5,9,.576,.971,1%,2%,1%
2026-06-25,138,Gabriel Moreno,ARI,C,44003,40,4,1,4,1,.350,.449,14,3,0,7,5,.500,.949,45%,50%,41%
2026-06-25,139,Hunter Goodman,COL,"C,DH",45393,54,7,3,6,0,.222,.263,12,1,0,3,19,.407,.671,91%,98%,83%
2026-06-25,140,Geraldo Perdomo,ARI,SS,43732,49,7,1,5,3,.184,.355,9,1,0,12,9,.265,.620,86%,92%,81%
2026-06-25,141,Samuel Basallo,BAL,"C,1B,DH",44938,47,4,3,8,0,.234,.280,11,0,0,3,14,.426,.706,42%,50%,34%
2026-06-25,142,Ty France,SD,1B,8163,35,5,3,8,0,.200,.237,7,2,0,1,13,.514,.751,1%,1%,0%
2026-06-25,143,Chandler Simpson,TB,"LF,CF",46426,39,3,0,3,5,.231,.302,9,1,0,4,2,.256,.559,44%,52%,36%
2026-06-25,144,Taylor Ward,BAL,LF,6071,58,11,2,2,0,.241,.323,14,2,0,6,15,.379,.702,83%,87%,79%
2026-06-25,145,Andrew Benintendi,CWS,"LF,DH",5972,29,4,3,8,0,.207,.258,6,1,0,2,5,.552,.810,3%,2%,3%
2026-06-25,146,Eugenio Suarez,CIN,"3B,DH",5332,44,3,3,9,0,.227,.261,10,3,0,1,17,.500,.761,59%,74%,45%
2026-06-25,147,Spencer Torkelson,DET,1B,43877,45,7,3,6,0,.200,.294,9,3,0,6,18,.467,.761,31%,42%,20%
2026-06-25,148,Brice Turang,MIL,2B,6817,52,6,1,5,2,.231,.259,12,3,1,2,20,.385,.644,99%,99%,98%
2026-06-25,149,Isaac Collins,KC,"LF,RF",44316,44,6,0,7,1,.273,.333,12,4,0,3,8,.364,.697,1%,1%,1%
2026-06-25,150,Noelvi Marte,CIN,"3B,RF",8284,40,5,3,4,1,.225,.279,9,4,0,3,10,.550,.829,22%,36%,8%
2026-06-25,151,Luisangel Acuna,CWS,"2B,SS,CF",43726,21,1,1,4,3,.333,.333,7,0,0,0,5,.476,.810,1%,1%,1%
2026-06-25,152,Troy Johnston,COL,"1B,LF,RF,DH",45280,30,4,1,7,0,.333,.447,10,3,0,5,3,.533,.981,10%,11%,9%
2026-06-25,153,Isiah Kiner-Falefa,BOS,"2B,3B,SS",7662,23,4,1,1,3,.304,.407,7,0,0,4,2,.435,.842,1%,1%,1%
2026-06-25,154,Colton Cowser,BAL,"LF,CF,RF",44669,41,6,2,5,1,.220,.319,9,0,0,5,14,.366,.685,8%,11%,4%
2026-06-25,155,Joc Pederson,TEX,DH,4769,42,5,3,4,0,.262,.326,11,0,0,3,11,.476,.802,2%,3%,1%
2026-06-25,156,Tyler Freeman,COL,"2B,RF,DH",10024,32,9,0,4,0,.313,.389,10,0,1,1,6,.375,.764,1%,1%,1%
2026-06-25,157,Mauricio Dubon,ATL,"2B,3B,SS,LF,CF",6615,50,4,2,6,0,.280,.294,14,2,0,1,4,.440,.734,49%,38%,59%
2026-06-25,158,A.J. Ewing,NYM,"2B,CF",48019,45,4,2,8,0,.244,.333,11,5,0,6,9,.489,.822,11%,16%,7%
2026-06-25,159,Randal Grichuk,CWS,"LF,RF,DH",5423,25,5,3,3,0,.280,.333,7,2,0,2,7,.720,1.053,0%,0%,0%
2026-06-25,160,Matt Chapman,SF,3B,6315,40,5,3,8,0,.175,.277,7,1,0,5,15,.425,.702,71%,80%,63%
2026-06-25,161,JJ Bleday,CIN,"LF,CF,RF,DH",24863,40,7,3,7,0,.150,.327,6,2,0,9,11,.425,.752,49%,50%,48%
2026-06-25,162,Jordan Walker,STL,"LF,RF",43830,57,2,2,10,0,.246,.267,14,1,0,2,15,.368,.635,95%,95%,95%
2026-06-25,163,Brett Sullivan,COL,C,7838,18,4,3,4,0,.278,.300,5,0,0,1,2,.778,1.078,0%,0%,0%
2026-06-25,164,Kevin McGonigle,DET,"3B,SS",47220,49,6,2,4,0,.265,.379,13,4,0,9,6,.469,.849,92%,92%,93%
2026-06-25,165,Gavin Sheets,SD,"1B,LF,RF,DH",43643,40,3,2,7,1,.225,.296,9,2,0,4,10,.425,.721,13%,12%,14%
2026-06-25,166,Isaac Paredes,HOU,"1B,3B,DH",10050,45,4,1,7,0,.289,.396,13,3,0,5,10,.422,.818,42%,49%,35%
2026-06-25,167,Michael Busch,CHC,1B,23859,48,4,2,7,1,.208,.377,10,1,0,10,11,.354,.731,63%,84%,42%
2026-06-25,168,Derek Hill,PHI,"LF,CF,RF",10000,25,4,1,4,1,.320,.320,8,1,0,0,11,.480,.800,0%,0%,0%
2026-06-25,169,Tommy Troy,ARI,"2B,LF",47213,40,7,2,6,0,.200,.238,8,1,1,2,11,.425,.663,1%,1%,1%
2026-06-25,170,Leody Taveras,BAL,"CF,RF",39153,48,6,0,4,2,.250,.280,12,2,3,2,17,.417,.697,2%,2%,1%
2026-06-25,171,Alex Call,LAD,"LF,CF,RF",8208,26,6,1,3,1,.269,.375,7,0,0,4,6,.385,.760,0%,0%,0%
2026-06-25,172,Keibert Ruiz,WSH,C,6912,32,5,1,2,1,.313,.353,10,1,0,1,3,.438,.790,14%,14%,14%
2026-06-25,173,Nicky Lopez,TEX,"2B,3B,SS",7530,38,3,0,2,2,.342,.390,13,1,0,2,2,.368,.759,0%,0%,0%
2026-06-25,174,Cooper Pratt,MIL,SS,47211,27,2,0,2,4,.259,.323,7,0,0,3,6,.259,.582,5%,7%,4%
2026-06-25,175,Miguel Rojas,LAD,"2B,3B,SS",5504,17,4,1,4,0,.412,.421,7,2,0,1,1,.706,1.127,1%,1%,1%
2026-06-25,176,Jordan Lawlar,ARI,"3B,LF,CF",44664,20,3,0,2,3,.300,.417,6,1,0,2,4,.350,.767,5%,7%,3%
2026-06-25,177,Nathan Church,STL,"LF,CF,RF",47315,34,7,0,2,1,.294,.385,10,2,1,5,10,.412,.796,2%,2%,1%
2026-06-25,178,Kody Clemens,MIN,"1B,2B,LF,CF,RF",10049,51,5,2,8,0,.196,.255,10,2,0,4,10,.353,.608,20%,25%,15%
2026-06-25,179,Jake Bauers,MIL,"1B,LF,RF",5090,38,6,2,5,0,.211,.348,8,0,1,7,18,.421,.769,66%,69%,63%
2026-06-25,180,Jonny DeLuca,TB,"LF,CF,RF",45829,18,2,2,4,1,.278,.316,5,2,0,1,4,.722,1.038,1%,1%,1%
2026-06-25,181,Michael Harris II,ATL,CF,43924,38,6,1,2,1,.263,.282,10,4,0,1,13,.447,.729,91%,95%,87%
2026-06-25,182,Nate Eaton,BOS,"3B,CF,RF",45484,16,3,1,3,2,.250,.400,4,2,0,4,3,.563,.963,0%,0%,0%
2026-06-25,183,Cam Smith,HOU,RF,46344,45,5,2,3,1,.222,.250,10,2,0,2,9,.400,.650,9%,11%,7%
2026-06-25,184,Cedric Mullins II,TB,CF,7400,33,2,1,3,2,.273,.351,9,0,0,3,11,.364,.715,3%,4%,2%
2026-06-25,185,Alika Williams,ATH,"2B,3B,SS",43800,15,3,1,2,0,.533,.563,8,3,0,1,3,.933,1.496,0%,0%,0%
2026-06-25,186,Jared Triolo,PIT,"1B,2B,3B,SS",44918,41,4,0,3,3,.220,.304,9,3,0,4,12,.293,.597,1%,1%,0%
2026-06-25,187,Colt Emerson,SEA,"3B,SS",47193,37,4,2,6,1,.162,.205,6,0,0,2,14,.324,.530,16%,20%,12%
2026-06-25,188,Nathan Lukes,TOR,"LF,CF,RF",6451,40,4,2,3,0,.275,.310,11,2,0,2,10,.475,.785,2%,2%,1%
2026-06-25,189,Jacob Wilson,ATH,SS,47235,41,5,1,7,0,.220,.304,9,2,0,5,5,.342,.646,58%,63%,52%
2026-06-25,190,Braden Montgomery,CWS,"CF,RF",44743,43,7,1,4,0,.233,.292,10,5,0,4,12,.419,.710,14%,18%,11%
2026-06-25,191,Trea Turner,PHI,SS,5828,49,8,0,2,1,.245,.289,12,2,0,1,15,.286,.574,90%,98%,82%
2026-06-25,192,Garrett Mitchell,MIL,"CF,RF",6859,40,6,2,3,0,.225,.279,9,0,0,3,11,.375,.654,5%,6%,3%
2026-06-25,193,Tristan Peters,CWS,"LF,CF,RF",47098,31,6,1,6,0,.194,.278,6,2,1,3,6,.419,.697,2%,2%,1%
2026-06-25,194,Jackson Holliday,BAL,"2B,SS",46268,31,5,2,6,0,.161,.206,5,1,0,2,12,.387,.593,29%,29%,29%
2026-06-25,195,Julio Rodriguez,SEA,CF,43685,44,4,1,6,1,.205,.286,9,1,0,4,10,.296,.581,99%,99%,99%
2026-06-25,196,Jo Adell,LAA,"LF,CF,RF",6899,56,8,0,2,0,.268,.305,15,5,0,2,12,.357,.662,59%,81%,37%
2026-06-25,197,Sterlin Thompson,COL,"1B,LF",46296,24,3,2,4,0,.250,.280,6,2,0,0,11,.583,.863,0%,0%,0%
2026-06-25,198,Alex Bregman,CHC,"3B,DH",5973,42,6,1,5,0,.214,.393,9,1,0,11,6,.310,.702,90%,91%,88%
2026-06-25,199,Rodolfo Duran,SD,C,44204,34,5,2,5,0,.177,.177,6,3,0,0,8,.441,.618,0%,0%,0%
2026-06-25,200,Kahlil Watson,CLE,"LF,CF,RF",44665,21,1,1,6,1,.238,.273,5,0,0,1,9,.381,.654,0%,0%,0%
2026-06-25,201,Sung-Mun Song,SD,"2B,3B,SS",7354238,17,2,0,2,3,.235,.278,4,1,0,1,2,.294,.572,0%,0%,0%
2026-06-25,202,Braxton Fulford,COL,"C,DH",45770,16,3,0,3,2,.250,.381,4,2,0,4,8,.375,.756,0%,0%,0%
2026-06-25,203,Justin Crawford,PHI,CF,46277,35,4,0,3,1,.286,.324,10,2,0,2,12,.343,.667,5%,6%,3%
2026-06-25,204,Jeremiah Jackson,BAL,"2B,3B,RF",43690,22,3,1,4,1,.227,.227,5,1,0,0,4,.409,.636,7%,5%,8%
2026-06-25,205,Kameron Misner,KC,"CF,RF",24874,28,1,0,4,2,.286,.310,8,1,0,1,12,.321,.632,0%,0%,0%
2026-06-25,206,Andrew Vaughn,MIL,1B,22216,22,2,0,7,0,.318,.515,7,3,0,10,4,.455,.970,16%,27%,5%
2026-06-25,207,Josh Naylor,SEA,"1B,DH",6054,43,2,1,3,2,.233,.267,10,3,0,2,5,.372,.639,80%,92%,69%
2026-06-25,208,Connor Wong,BOS,C,8335,17,3,1,2,1,.294,.429,5,0,0,3,4,.471,.899,0%,0%,0%
2026-06-25,209,Salvador Perez,KC,"C,1B,DH",4147,56,7,1,4,0,.214,.228,12,3,0,0,12,.321,.550,73%,80%,66%
2026-06-25,210,Elias Diaz,TEX,C,5591,24,3,0,5,0,.333,.320,8,2,0,0,3,.417,.737,0%,0%,0%
2026-06-25,211,Joey Loperfido,HOU,"LF,CF,RF",45780,26,6,1,4,0,.192,.344,5,2,1,6,2,.462,.805,0%,0%,0%
2026-06-25,212,Davis Schneider,TOR,"2B,LF",45729,24,3,2,3,0,.250,.280,6,2,0,1,5,.583,.863,1%,1%,0%
2026-06-25,213,Jorge Soler,LAA,"RF,DH",4495,9,2,2,4,0,.222,.385,2,0,0,3,5,.889,1.274,11%,15%,7%
2026-06-25,214,Hao-Yu Lee,DET,"2B,3B",45251,29,2,0,1,1,.379,.400,11,2,0,1,8,.448,.848,0%,0%,0%
2026-06-25,215,Jose Tena,WSH,"2B,3B,OF,DH",44885,20,1,0,3,2,.300,.364,6,1,1,2,8,.450,.814,0%,0%,0%
2026-06-25,216,Patrick Bailey,CLE,C,8299,19,4,0,3,0,.368,.455,7,0,0,3,6,.368,.823,1%,1%,1%
2026-06-25,217,Ezequiel Duran,TEX,"1B,2B,3B,SS,LF,RF",43722,49,6,2,5,0,.163,.241,8,0,0,4,14,.286,.527,33%,40%,25%
2026-06-25,218,Jared Young,NYM,"1B,LF,DH",8646,35,4,2,5,0,.171,.194,6,1,0,1,7,.371,.566,1%,1%,0%
2026-06-25,219,Jakob Marsee,MIA,"LF,CF",46634,49,4,1,3,2,.184,.273,9,3,0,6,16,.306,.579,47%,63%,32%
2026-06-25,220,Kyle Manzardo,CLE,"1B,DH",44758,36,3,2,5,0,.194,.318,7,0,0,6,12,.361,.679,5%,7%,3%
2026-06-25,221,Blake Dunn,CIN,"LF,CF,RF",47530,40,6,0,1,1,.250,.333,10,3,0,4,8,.325,.658,1%,1%,1%
2026-06-25,222,Jorge Barrosa,ARI,"LF,CF,RF",45561,9,4,1,2,0,.333,.400,3,1,0,1,3,.778,1.178,0%,0%,0%
2026-06-25,223,Riley Greene,DET,"LF,CF,RF,DH",19457,45,5,2,3,0,.200,.327,9,0,0,9,15,.333,.661,91%,97%,84%
2026-06-25,224,Ildemaro Vargas,ARI,"1B,2B",6583,31,8,0,7,0,.097,.243,3,2,0,6,3,.161,.405,28%,17%,40%
2026-06-25,225,Maikel Garcia,KC,"2B,3B,SS,OF",44626,31,2,0,6,1,.226,.273,7,2,0,2,6,.290,.563,80%,87%,73%
2026-06-25,226,Kerry Carpenter,DET,"LF,RF,DH",45596,30,4,1,5,0,.200,.314,6,1,0,3,9,.333,.648,25%,39%,10%
2026-06-25,227,Xander Bogaerts,SD,SS,4347,36,5,0,3,1,.222,.417,8,0,0,10,9,.222,.639,31%,38%,25%
2026-06-25,228,Blake Perkins,MIL,"LF,CF,RF",10117,14,2,1,3,0,.357,.357,5,2,0,0,3,.714,1.071,0%,0%,0%
2026-06-25,229,Shea Langeliers,ATH,"C,DH",8246,44,5,2,5,0,.159,.245,7,3,0,5,7,.364,.609,99%,99%,99%
2026-06-25,230,Daylen Lile,WSH,"LF,RF,DH",44757,44,3,0,4,2,.205,.255,9,1,1,1,5,.273,.528,66%,70%,63%
2026-06-25,231,Trent Grisham,NYY,CF,7502,8,3,0,2,1,.375,.444,3,0,1,1,0,.625,1.069,35%,44%,25%
2026-06-25,232,Matt Olson,ATL,1B,5718,45,4,1,2,0,.267,.340,12,0,0,5,12,.333,.673,99%,99%,99%
2026-06-25,233,Zach McKinstry,DET,"2B,3B,SS,LF,RF",10153,36,5,1,3,0,.222,.282,8,1,1,3,8,.389,.671,2%,2%,2%
2026-06-25,234,Sal Frelick,MIL,"LF,CF,RF",44675,26,3,0,4,0,.308,.357,8,3,0,2,0,.423,.780,18%,8%,28%
2026-06-25,235,Gleyber Torres,DET,2B,5133,16,2,1,2,0,.375,.474,6,2,0,3,2,.688,1.161,48%,46%,50%
2026-06-25,236,Chase Meidroth,CWS,"2B,3B,SS",46617,48,4,1,4,0,.229,.260,11,1,0,1,20,.313,.573,22%,34%,10%
2026-06-25,237,Gary Sanchez,MIL,"C,1B,DH",4670,19,3,1,3,0,.263,.348,5,0,0,3,4,.421,.769,2%,2%,3%
2026-06-25,238,Alejandro Osuna,TEX,"LF,CF,RF",45996,28,4,0,3,0,.286,.333,8,2,0,1,6,.357,.691,0%,0%,0%
2026-06-25,239,Alex Jackson,MIN,C,5687,18,3,0,2,0,.389,.450,7,2,0,0,3,.500,.950,0%,0%,0%
2026-06-25,240,Eli White,ATL,"LF,CF,RF",8216,29,1,1,3,1,.241,.290,7,2,0,2,9,.414,.704,0%,0%,0%
2026-06-25,241,Miguel Vargas,CWS,"1B,3B",8301,48,3,1,2,1,.229,.260,11,2,0,2,9,.333,.593,90%,91%,90%
2026-06-25,242,Ryan Vilade,TB,"1B,LF,RF",7483,26,2,2,5,0,.154,.179,4,1,0,1,8,.423,.602,1%,1%,0%
2026-06-25,243,Rafael Flores,PIT,"C,1B",47259,3,2,1,2,0,.667,.800,2,1,0,2,0,2.000,2.800,0%,0%,0%
2026-06-25,244,Jeff McNeil,ATH,"2B,LF,CF,RF",8027,27,4,1,4,0,.185,.267,5,1,0,3,3,.333,.600,5%,5%,6%
2026-06-25,245,Rowdy Tellez,ATL,1B,5030,10,2,1,4,0,.200,.200,2,0,0,0,3,.500,.700,0%,0%,0%
2026-06-25,246,Nico Hoerner,CHC,"2B,SS",7934,52,8,0,2,0,.212,.250,11,7,0,3,6,.346,.596,93%,91%,95%
2026-06-25,247,Andy Pages,LAD,"LF,CF,RF",43671,60,7,0,2,1,.200,.284,12,3,0,6,17,.250,.534,96%,96%,97%
2026-06-25,248,James Outman,DET,"LF,CF,RF",44201,16,2,1,2,1,.188,.278,3,0,0,2,10,.375,.653,0%,0%,0%
2026-06-25,249,John Rave,KC,"LF,CF,RF",45866,13,3,1,1,0,.308,.438,4,2,1,3,5,.846,1.284,0%,0%,0%
2026-06-25,250,Christian Yelich,MIL,"LF,DH",4596,40,7,1,3,0,.150,.271,6,2,0,6,12,.275,.546,83%,92%,74%
2026-06-25,251,Daniel Schneemann,CLE,"2B,3B,SS,CF,RF",45690,34,4,2,6,0,.088,.162,3,0,0,3,14,.265,.427,3%,4%,3%
2026-06-25,252,Josh Rojas,KC,"2B,3B",26964,2,1,1,2,0,1.000,1.000,2,1,0,0,0,3.000,4.000,0%,0%,0%
2026-06-25,253,Marcus Semien,NYM,2B,4544,52,4,1,4,1,.173,.259,9,0,1,6,17,.269,.528,42%,42%,42%
2026-06-25,254,Stuart Fairchild,CLE,"LF,CF,RF",43929,11,3,0,0,2,.182,.438,2,0,0,4,7,.182,.619,0%,0%,0%
2026-06-25,255,Austin Slater,,,7070,15,1,0,1,2,.267,.389,4,2,0,3,5,.400,.789,0%,0%,0%
2026-06-25,256,Vinnie Pasquantino,KC,"1B,DH",44894,14,2,0,2,1,.286,.375,4,0,0,2,3,.286,.661,57%,65%,48%
2026-06-25,257,Yainer Diaz,HOU,"C,DH",45200,21,2,1,2,0,.286,.348,6,1,0,2,4,.476,.824,42%,42%,42%
2026-06-25,258,Brice Matthews,HOU,"2B,LF,CF",47819,30,3,2,3,0,.167,.219,5,1,0,2,12,.400,.619,1%,1%,0%
2026-06-25,259,Jonah Heim,ATH,"C,DH",6457,25,1,1,3,0,.280,.345,7,2,0,3,5,.480,.825,1%,1%,1%
2026-06-25,260,Tyler Stephenson,CIN,C,6024,24,3,1,3,0,.208,.269,5,0,0,2,9,.333,.603,4%,5%,2%
2026-06-25,261,Luis Urias,TOR,"2B,3B",6936,7,1,1,2,0,.429,.500,3,0,0,1,1,.857,1.357,0%,0%,0%
2026-06-25,262,Nick Fortes,TB,C,8673,26,7,0,0,0,.231,.286,6,2,0,1,2,.308,.593,1%,1%,2%
2026-06-25,263,Drew Gilbert,SF,"LF,CF,RF",46297,25,4,0,3,0,.240,.487,6,2,0,9,3,.320,.807,0%,0%,0%
2026-06-25,264,LuJames Groover,ARI,"1B,3B",47178,28,4,1,3,0,.179,.324,5,2,0,5,5,.357,.681,0%,0%,0%
2026-06-25,265,Ali Sanchez,NYY,C,8389,16,1,0,3,0,.375,.444,6,2,0,1,5,.500,.944,0%,0%,0%
2026-06-25,266,Wenceel Perez,DET,"CF,RF",8666,8,2,1,2,0,.250,.333,2,0,0,1,2,.625,.958,0%,0%,0%
2026-06-25,267,Oswald Peraza,LAA,"1B,2B,3B,SS",43749,40,4,0,0,2,.200,.200,8,3,0,0,18,.275,.475,4%,6%,2%
2026-06-25,268,Taylor Trammell,HOU,"LF,CF",6417,12,2,1,2,0,.250,.308,3,1,0,1,6,.583,.891,0%,0%,0%
2026-06-25,269,Tyler Tolbert,KC,"IF,LF,CF",45717,13,4,0,1,0,.308,.375,4,0,0,2,3,.308,.683,0%,0%,0%
2026-06-25,270,Brayan Rocchio,CLE,"2B,SS",8305,46,3,0,3,1,.217,.245,10,3,1,2,10,.326,.571,34%,34%,33%
2026-06-25,271,Nolan Arenado,ARI,3B,4350,53,4,0,3,2,.170,.211,9,2,0,3,13,.208,.418,19%,21%,16%
2026-06-25,272,Jimmy Crooks III,STL,C,46621,29,2,1,5,0,.172,.273,5,1,0,3,7,.310,.583,1%,1%,0%
2026-06-25,273,Christian Walker,HOU,1B,4905,47,4,2,4,0,.149,.231,7,2,0,5,14,.319,.550,83%,90%,77%
2026-06-25,274,Starling Marte,KC,"LF,RF,DH",4377,21,3,0,2,0,.286,.304,6,1,0,1,3,.333,.638,0%,0%,0%
2026-06-25,275,Angel Martinez,CLE,"2B,LF,CF,RF",44791,10,2,1,1,0,.300,.300,3,1,0,0,2,.700,1.000,17%,17%,17%
2026-06-25,276,Jarren Duran,BOS,"LF,CF,DH",10054,48,5,2,3,0,.146,.196,7,0,0,3,19,.271,.467,86%,94%,78%
2026-06-25,277,Marcelo Mayer,BOS,"2B,3B,SS",44663,31,2,0,5,0,.226,.314,7,3,0,4,9,.323,.637,3%,4%,2%
2026-06-25,278,Edwin Arroyo,CIN,"2B,SS",44760,33,5,0,1,0,.242,.306,8,2,0,1,5,.303,.609,1%,2%,1%
2026-06-25,279,Marcell Ozuna,PIT,DH,4726,14,1,1,2,0,.286,.333,4,0,0,1,5,.500,.833,4%,4%,4%
2026-06-25,280,Victor Mesa Jr.,TB,RF,7001,13,3,1,2,0,.154,.313,2,0,0,3,3,.385,.697,0%,0%,0%
2026-06-25,281,Justin Dean,CHC,CF,8575,3,1,0,3,0,.667,.667,2,0,1,0,0,1.333,2.000,0%,0%,0%
2026-06-25,282,Xavier Edwards,MIA,"2B,SS",40137,46,2,0,6,0,.217,.283,10,0,1,5,9,.261,.544,92%,93%,92%
2026-06-25,283,Ryan Ward,LAD,"1B,LF,RF",45805,27,3,1,4,0,.148,.258,4,2,0,4,9,.333,.591,1%,1%,1%
2026-06-25,284,David Hamilton,MIL,"2B,3B,SS",45029,27,2,0,1,2,.185,.185,5,2,0,0,12,.259,.444,2%,2%,1%
2026-06-25,285,Justin Foscue,TEX,"1B,2B,DH",43832,15,2,1,1,0,.267,.353,4,0,0,2,3,.467,.820,0%,0%,0%
2026-06-25,286,Miles Mastrobuoni,SEA,"2B,3B,LF,RF",8608,23,3,0,1,1,.217,.269,5,0,0,2,10,.217,.487,0%,0%,0%
2026-06-25,287,Ezequiel Tovar,COL,SS,45000,40,4,1,2,0,.200,.220,8,1,0,1,16,.300,.520,21%,38%,4%
2026-06-25,288,Willy Adames,SF,SS,5988,39,4,2,2,0,.154,.154,6,1,0,0,9,.333,.487,65%,76%,54%
2026-06-25,289,Joey Bart,ATL,C,7956,11,1,1,3,0,.182,.182,2,0,0,0,0,.455,.636,0%,0%,0%
2026-06-25,290,Cal Raleigh,SEA,"C,DH",8457,26,2,1,3,0,.192,.344,5,0,0,6,8,.308,.651,97%,97%,97%
2026-06-25,291,Anthony Seigler,BOS,"2B,3B",7955,17,3,0,1,0,.294,.333,5,1,0,1,5,.353,.686,0%,0%,0%
2026-06-25,292,Corey Seager,TEX,SS,4805,9,2,1,1,0,.222,.300,2,0,0,1,1,.556,.856,76%,87%,64%
2026-06-25,293,Amed Rosario,NYY,"2B,3B,OF",5994,20,2,1,2,0,.200,.238,4,1,0,1,4,.400,.638,1%,1%,1%
2026-06-25,294,Spencer Jones,NYY,"CF,RF",46338,23,4,1,2,0,.130,.310,3,1,0,6,13,.304,.615,6%,7%,4%
2026-06-25,295,Petey Halpin,CLE,CF,43905,18,5,0,0,0,.222,.222,4,0,1,0,7,.333,.556,0%,0%,0%
2026-06-25,296,Luke Raley,SEA,"1B,LF,CF,RF",8040,26,3,1,4,0,.115,.179,3,1,0,2,8,.269,.448,13%,16%,9%
2026-06-25,297,Victor Bericoto,SF,"1B,RF",44426,7,1,1,1,0,.286,.286,2,0,0,0,2,.714,1.000,0%,0%,0%
2026-06-25,298,Alex Freeland,LAD,"2B,3B,SS",46730,36,3,0,3,0,.222,.293,8,2,0,4,13,.278,.571,1%,1%,1%
2026-06-25,299,Andres Chaparro,WSH,1B,45581,11,3,0,1,0,.273,.333,3,1,0,1,4,.364,.697,0%,0%,0%
2026-06-25,300,Kyle Higashioka,TEX,"C,DH",6168,24,2,1,3,0,.167,.259,4,0,0,3,8,.292,.551,1%,1%,1%
